,Business Name,City,State,Category,Rating,Price,Review Count,Transaction
0,Ozan Vineyard & Winery,Calera,AL,"[{'alias': 'winetours', 'title': 'Wine Tours'}, {'alias': 'wineries', 'title': 'Wineries'}]",4.0,$$,33,[]
1,Cat-n-Bird Winery,Chelsea,AL,"[{'alias': 'wineries', 'title': 'Wineries'}, {'alias': 'venues', 'title': 'Venues & Event Spaces'}]",5.0,$$,20,[]
2,Corbin Farms Winery,Calera,AL,"[{'alias': 'newamerican', 'title': 'American (New)'}, {'alias': 'winetastingroom', 'title': 'Wine Tasting Room'}]",4.5,$$,44,"['delivery', 'pickup']"
3,Morgan Creek Vineyards,Harpersville,AL,"[{'alias': 'wineries', 'title': 'Wineries'}, {'alias': 'winetours', 'title': 'Wine Tours'}]",4.0,$$,19,[]
4,Hidden Meadow Vineyard,Jemison,AL,"[{'alias': 'winetastingroom', 'title': 'Wine Tasting Room'}]",3.0,$,2,[]
5,Lewis Lakes Vineyards,Columbiana,AL,"[{'alias': 'wineries', 'title': 'Wineries'}]",5.0,$$,1,[]
6,Black Warrior Brewing Company,Tuscaloosa,AL,"[{'alias': 'breweries', 'title': 'Breweries'}, {'alias': 'beerbar', 'title': 'Beer Bar'}, {'alias': 'winetastingroom', 'title': 'Wine Tasting Room'}]",4.5,$,49,[]
7,Wills Creek Vineyards,Attalla,AL,"[{'alias': 'wineries', 'title': 'Wineries'}, {'alias': 'wedding_planning', 'title': 'Wedding Planning'}]",4.5,$,8,[]
8,Alaska Denali Winery,Anchorage,AK,"[{'alias': 'winetastingroom', 'title': 'Wine Tasting Room'}]",5.0,$$,14,[]
9,UnWINEd,Anchorage,AK,"[{'alias': 'beer_and_wine', 'title': 'Beer, Wine & Spirits'}]",5.0,$$,10,[]
10,Carlson Creek Vineyard,Scottsdale,AZ,"[{'alias': 'winetastingroom', 'title': 'Wine Tasting Room'}]",4.5,$$,52,[]
11,LDV Winery,Scottsdale,AZ,"[{'alias': 'wineries', 'title': 'Wineries'}]",4.5,$$,82,[]
12,Sip and Savor Tours,Scottsdale,AZ,"[{'alias': 'foodtours', 'title': 'Food Tours'}, {'alias': 'winetours', 'title': 'Wine Tours'}]",5.0, ,6,[]
13,Vinum 55,Phoenix,AZ,"[{'alias': 'winetastingroom', 'title': 'Wine Tasting Room'}]",5.0,$$$,3,[]
14,Blasian Limousine and Transportation,Phoenix,AZ,"[{'alias': 'limos', 'title': 'Limos'}, {'alias': 'bustours', 'title': 'Bus Tours'}, {'alias': 'winetours', 'title': 'Wine Tours'}]",5.0, ,10,[]
15,Desert Rock Winery,Scottsdale,AZ,"[{'alias': 'wineries', 'title': 'Wineries'}]",4.5,$,28,[]
16,Merkin Vineyards - Scottsdale,Scottsdale,AZ,"[{'alias': 'wine_bars', 'title': 'Wine Bars'}, {'alias': 'winetastingroom', 'title': 'Wine Tasting Room'}]",4.5,$$,49,[]
17,Aridus Scottsdale Tasting Room,Scottsdale,AZ,"[{'alias': 'wineries', 'title': 'Wineries'}]",4.5,$$,82,[]
18,Winery 101,Peoria,AZ,"[{'alias': 'venues', 'title': 'Venues & Event Spaces'}, {'alias': 'wine_bars', 'title': 'Wine Bars'}, {'alias': 'winetastingroom', 'title': 'Wine Tasting Room'}]",4.5,$$,65,[]
19,Su Vino Winery,Scottsdale,AZ,"[{'alias': 'wineries', 'title': 'Wineries'}]",4.0,$$,298,['delivery']
20,An Enchanting Evening,Roland,AR,"[{'alias': 'bedbreakfast', 'title': 'Bed & Breakfast'}, {'alias': 'venues', 'title': 'Venues & Event Spaces'}, {'alias': 'wineries', 'title': 'Wineries'}]",5.0,$$,6,[]
21,The Winery,Hot Springs National Park,AR,"[{'alias': 'wineries', 'title': 'Wineries'}]",4.0,$$,15,[]
22,Bath House Row Winery,Hot Springs,AR,"[{'alias': 'wineries', 'title': 'Wineries'}]",4.0,$$,24,[]
23,Spa City Tropical Winery & Gifts,Hot Springs,AR,"[{'alias': 'wine_bars', 'title': 'Wine Bars'}, {'alias': 'winetastingroom', 'title': 'Wine Tasting Room'}]",4.0,$$,8,[]
24,Bo Brook Farms,Roland,AR,"[{'alias': 'venues', 'title': 'Venues & Event Spaces'}, {'alias': 'farms', 'title': 'Farms'}, {'alias': 'wineries', 'title': 'Wineries'}]",3.0, ,8,[]
25,Westbrook Wine Farm,O'Neals,CA,"[{'alias': 'wineries', 'title': 'Wineries'}]",4.5,$$,30,[]
26,Idle Hour Winery & Kitchen,Oakhurst,CA,"[{'alias': 'wineries', 'title': 'Wineries'}]",4.5,$$,27,[]
27,Butterfly Creek Winery & Vineyards,Mariposa,CA,"[{'alias': 'wineries', 'title': 'Wineries'}]",4.0,$,11,[]
28,FÃ¤si Estate Winery,Friant,CA,"[{'alias': 'wineries', 'title': 'Wineries'}]",4.5,$$,43,[]
29,Marechal Vineyards,Sanger,CA,"[{'alias': 'wineries', 'title': 'Wineries'}]",4.5, ,27,[]
30,Rhodes Vineyard,Mariposa,CA,"[{'alias': 'wineries', 'title': 'Wineries'}]",5.0, ,2,[]
31,Cedar View Winery,Sanger,CA,"[{'alias': 'wineries', 'title': 'Wineries'}, {'alias': 'venues', 'title': 'Venues & Event Spaces'}]",4.5,$$,29,[]
32,Manzanita Cafe & Wine Room,Mariposa,CA,"[{'alias': 'wineries', 'title': 'Wineries'}]",5.0, ,1,[]
33,Casto Oaks Fine Wine and Art,Mariposa,CA,"[{'alias': 'wineries', 'title': 'Wineries'}]",4.5,$$,10,[]
34,Valley Oak Winery,Sanger,CA,"[{'alias': 'wineries', 'title': 'Wineries'}]",5.0, ,6,[]
35,Balistreri Vineyards,Denver,CO,"[{'alias': 'wineries', 'title': 'Wineries'}, {'alias': 'venues', 'title': 'Venues & Event Spaces'}]",4.5,$$,202,[]
36,The Infinite Monkey Theorem,Denver,CO,"[{'alias': 'wineries', 'title': 'Wineries'}]",4.5,$$,220,[]
37,Attimo Wine,Denver,CO,"[{'alias': 'wineries', 'title': 'Wineries'}]",5.0, ,17,[]
38,Bigsby's Folly,Denver,CO,"[{'alias': 'winetastingroom', 'title': 'Wine Tasting Room'}, {'alias': 'bars', 'title': 'Bars'}, {'alias': 'venues', 'title': 'Venues & Event Spaces'}]",4.5,$$,143,[]
39,Blanchard Family Wines,Denver,CO,"[{'alias': 'wineries', 'title': 'Wineries'}, {'alias': 'paintandsip', 'title': 'Paint & Sip'}]",4.5,$$,42,[]
40,Mile High Wine Tours,Denver,CO,"[{'alias': 'winetours', 'title': 'Wine Tours'}]",4.0, ,9,[]
41,Deep Roots Winery and Bistro,Denver,CO,"[{'alias': 'wine_bars', 'title': 'Wine Bars'}, {'alias': 'wineries', 'title': 'Wineries'}, {'alias': 'tapasmallplates', 'title': 'Tapas/Small Plates'}]",4.5,$$,123,"['delivery', 'restaurant_reservation']"
42,Carboy Winery - Denver,Denver,CO,"[{'alias': 'winetastingroom', 'title': 'Wine Tasting Room'}, {'alias': 'wine_bars', 'title': 'Wine Bars'}, {'alias': 'giftshops', 'title': 'Gift Shops'}]",4.5,$$,29,[]
43,Kingman Estates Winery,Denver,CO,"[{'alias': 'wineries', 'title': 'Wineries'}, {'alias': 'venues', 'title': 'Venues & Event Spaces'}]",4.5,$$,22,[]
44,Leopold Brothers,Denver,CO,"[{'alias': 'distilleries', 'title': 'Distilleries'}]",5.0,$$,128,[]
45,Crystal Ridge Winery,South Glastonbury,CT,"[{'alias': 'wineries', 'title': 'Wineries'}]",4.0, ,32,[]
46,Joseph Preli Farm and Vineyard,South Glastonbury,CT,"[{'alias': 'markets', 'title': 'Fruits & Veggies'}, {'alias': 'pickyourown', 'title': 'Pick Your Own Farms'}, {'alias': 'wineries', 'title': 'Wineries'}]",4.5,$$,21,[]
47,Brignole Vineyards,East Granby,CT,"[{'alias': 'wineries', 'title': 'Wineries'}]",4.0,$$,118,[]
48,Lost Acres Vineyard,Granby,CT,"[{'alias': 'wineries', 'title': 'Wineries'}]",4.5,$$,54,[]
49,Heartstone Winery,Columbia,CT,"[{'alias': 'wineries', 'title': 'Wineries'}]",4.0, ,14,[]
50,Rosedale Farm and Vineyard,Simsbury Center,CT,"[{'alias': 'wineries', 'title': 'Wineries'}]",3.5,$$,57,[]
51,Arrigoni Winery,Portland,CT,"[{'alias': 'wineries', 'title': 'Wineries'}]",3.5,$$,163,[]
52,Priam Vineyard,Colchester,CT,"[{'alias': 'wineries', 'title': 'Wineries'}, {'alias': 'venues', 'title': 'Venues & Event Spaces'}]",4.0,$$,95,[]
53,Cassidy Hill Vineyard,Coventry,CT,"[{'alias': 'wineries', 'title': 'Wineries'}]",4.5,$$,50,[]
54,Connecticut Valley Winery,New Hartford,CT,"[{'alias': 'wineries', 'title': 'Wineries'}]",4.0,$$,64,[]
55,Penns Woods Winery,Chadds Ford,PA,"[{'alias': 'wineries', 'title': 'Wineries'}, {'alias': 'venues', 'title': 'Venues & Event Spaces'}]",4.5,$$,83,[]
56,Salem Oak Vineyards,Pedricktown,NJ,"[{'alias': 'wineries', 'title': 'Wineries'}]",5.0,$$,38,[]
57,Harvest Ridge Winery,Toughkenamon,PA,"[{'alias': 'wineries', 'title': 'Wineries'}]",4.5, ,6,[]
58,Galer Estate Vineyard & Winery,Kennett Square,PA,"[{'alias': 'winetastingroom', 'title': 'Wine Tasting Room'}]",3.5,$$,68,[]
59,Collier's of Centreville,Wilmington,DE,"[{'alias': 'beer_and_wine', 'title': 'Beer, Wine & Spirits'}, {'alias': 'winetastingroom', 'title': 'Wine Tasting Room'}, {'alias': 'winetasteclasses', 'title': 'Wine Tasting Classes'}]",4.0,$$$$,8,[]
60,Chaddsford Winery,Chadds Ford,PA,"[{'alias': 'wineries', 'title': 'Wineries'}]",3.5,$$,150,[]
61,Auburn Road Vineyard and Winery,Pilesgrove,NJ,"[{'alias': 'wineries', 'title': 'Wineries'}]",4.0,$$,113,[]
62,Paradocx Vineyard,Kennett Square,PA,"[{'alias': 'wineries', 'title': 'Wineries'}]",3.0,$$,9,[]
63,FranksWine,Wilmington,DE,"[{'alias': 'beer_and_wine', 'title': 'Beer, Wine & Spirits'}]",3.5,$$$,23,[]
64,Total Wine & More,Wilmington,DE,"[{'alias': 'beer_and_wine', 'title': 'Beer, Wine & Spirits'}, {'alias': 'tobaccoshops', 'title': 'Tobacco Shops'}, {'alias': 'headshops', 'title': 'Head Shops'}]",3.5,$$,35,[]
65,Pop The Cork Wine Tours,Atlanta,GA,"[{'alias': 'winetours', 'title': 'Wine Tours'}]",5.0, ,23,[]
66,ATL Vineyard Express,Atlanta,GA,"[{'alias': 'winetours', 'title': 'Wine Tours'}]",5.0, ,6,[]
67,The Bailey Wine Cellar,Atlanta,GA,"[{'alias': 'winetastingroom', 'title': 'Wine Tasting Room'}]",4.5, ,23,[]
68,Wine Tours of Georgia,Atlanta,GA,"[{'alias': 'winetours', 'title': 'Wine Tours'}]",5.0, ,9,[]
69,Urban Tree Cidery,Atlanta,GA,"[{'alias': 'winetastingroom', 'title': 'Wine Tasting Room'}, {'alias': 'cideries', 'title': 'Cideries'}]",4.5,$$,117,[]
70,The Grape @ Sandy Springs,Sandy Springs,GA,"[{'alias': 'wineries', 'title': 'Wineries'}]",4.0, ,1,[]
71,Barcelona VinoTeca,Atlanta,GA,"[{'alias': 'wine_bars', 'title': 'Wine Bars'}, {'alias': 'winetastingroom', 'title': 'Wine Tasting Room'}, {'alias': 'giftshops', 'title': 'Gift Shops'}]",4.5,$$,55,[]
72,Winery Journeys,Atlanta,GA,"[{'alias': 'hiking', 'title': 'Hiking'}, {'alias': 'winetours', 'title': 'Wine Tours'}, {'alias': 'rafting', 'title': 'Rafting/Kayaking'}]",3.5, ,9,[]
73,Deep Roots Wine Market & Tasting Room,Roswell,GA,"[{'alias': 'winetastingroom', 'title': 'Wine Tasting Room'}, {'alias': 'beer_and_wine', 'title': 'Beer, Wine & Spirits'}, {'alias': 'venues', 'title': 'Venues & Event Spaces'}]",5.0,$$,30,[]
74,Wine Workshop and Brew Center,Decatur,GA,"[{'alias': 'wineries', 'title': 'Wineries'}]",4.5,$$,13,[]
75,Oeno Winemaking,Kailua,HI,"[{'alias': 'wineries', 'title': 'Wineries'}]",4.5,$$,164,[]
76,Island Distillers,Honolulu,HI,"[{'alias': 'distilleries', 'title': 'Distilleries'}, {'alias': 'beer_and_wine', 'title': 'Beer, Wine & Spirits'}, {'alias': 'winetastingroom', 'title': 'Wine Tasting Room'}]",5.0,$$,40,[]
77,HASR Wine,Honolulu,HI,"[{'alias': 'beer_and_wine', 'title': 'Beer, Wine & Spirits'}]",4.0,$$,57,['delivery']
78,Fujioka's Wine Times,Honolulu,HI,"[{'alias': 'beer_and_wine', 'title': 'Beer, Wine & Spirits'}]",4.5,$$,80,[]
79,Tamura's Fine Wine & Liquors Waialae,Honolulu,HI,"[{'alias': 'beer_and_wine', 'title': 'Beer, Wine & Spirits'}, {'alias': 'poke', 'title': 'Poke'}, {'alias': 'tobaccoshops', 'title': 'Tobacco Shops'}]",4.0,$$,414,['delivery']
80,Dynamic Tour Hawaii,Honolulu,HI,"[{'alias': 'bustours', 'title': 'Bus Tours'}]",3.0, ,9,[]
81,NK Wine Shop,Honolulu,HI,"[{'alias': 'beer_and_wine', 'title': 'Beer, Wine & Spirits'}]",4.5,$$,19,[]
82,Tamura's Fine Wine & Liquors Pearlridge,Aiea,HI,"[{'alias': 'beer_and_wine', 'title': 'Beer, Wine & Spirits'}, {'alias': 'tobaccoshops', 'title': 'Tobacco Shops'}, {'alias': 'poke', 'title': 'Poke'}]",4.0,$$,257,[]
83,Tamura's Market Wahiawa,Wahiawa,HI,"[{'alias': 'grocery', 'title': 'Grocery'}, {'alias': 'beer_and_wine', 'title': 'Beer, Wine & Spirits'}, {'alias': 'meats', 'title': 'Meat Shops'}]",4.0,$$,129,[]
84,Telaya Wine,Garden City,ID,"[{'alias': 'wineries', 'title': 'Wineries'}, {'alias': 'venues', 'title': 'Venues & Event Spaces'}]",4.5,$$,62,[]
85,Cinder,Garden City,ID,"[{'alias': 'winetours', 'title': 'Wine Tours'}, {'alias': 'winetastingroom', 'title': 'Wine Tasting Room'}]",5.0,$$,34,[]
86,Coiled Wines,Garden City,ID,"[{'alias': 'wineries', 'title': 'Wineries'}]",5.0,$$,14,[]
87,8 Feathers Distillery,Boise,ID,"[{'alias': 'wineries', 'title': 'Wineries'}, {'alias': 'beer_and_wine', 'title': 'Beer, Wine & Spirits'}]",5.0,$$,9,[]
88,Split Rail Winery,Garden City,ID,"[{'alias': 'wineries', 'title': 'Wineries'}]",4.0,$$,23,[]
89,Par Terre Winery,Garden City,ID,"[{'alias': 'wineries', 'title': 'Wineries'}]",5.0, ,7,[]
90,SCORIA Vineyards,Boise,ID,"[{'alias': 'winetastingroom', 'title': 'Wine Tasting Room'}]",4.0, ,1,[]
91,Potter Wines,Garden City,ID,"[{'alias': 'winetastingroom', 'title': 'Wine Tasting Room'}]",5.0, ,5,[]
92,Boise Brews Cruise,boise,ID,"[{'alias': 'bustours', 'title': 'Bus Tours'}, {'alias': 'beertours', 'title': 'Beer Tours'}, {'alias': 'winetours', 'title': 'Wine Tours'}]",5.0, ,16,[]
93,Frenchman's Gulch Winery,Garden City,ID,"[{'alias': 'wineries', 'title': 'Wineries'}]",5.0, ,1,[]
94,Country Heritage Winery - Plainfield,Plainfield,IN,"[{'alias': 'wineries', 'title': 'Wineries'}]",3.5,$$,62,[]
95,Peace Water Winery,Indianapolis,IN,"[{'alias': 'wineries', 'title': 'Wineries'}]",4.5,$$,84,[]
96,Mallow Run Winery & Vineyard,Bargersville,IN,"[{'alias': 'wineries', 'title': 'Wineries'}]",4.5,$$,126,[]
97,Sugar Creek Vineyard And Winery,Carmel,IN,"[{'alias': 'winetastingroom', 'title': 'Wine Tasting Room'}]",5.0,$$,30,[]
98,Hopwood Cellars Winery,Zionsville,IN,"[{'alias': 'wineries', 'title': 'Wineries'}]",4.5,$$,55,[]
99,The Cork and Barrel,Zionsville,IN,"[{'alias': 'wine_bars', 'title': 'Wine Bars'}, {'alias': 'beer_and_wine', 'title': 'Beer, Wine & Spirits'}, {'alias': 'winetastingroom', 'title': 'Wine Tasting Room'}]",4.0, ,16,[]
100,Hopwood Winery,Cloverdale,IN,"[{'alias': 'wineries', 'title': 'Wineries'}]",5.0, ,1,[]
101,Peace Water Winery,Carmel,IN,"[{'alias': 'wineries', 'title': 'Wineries'}]",4.5,$$,103,[]
102,Sip & Share Wines,Indianapolis,IN,"[{'alias': 'winetastingroom', 'title': 'Wine Tasting Room'}, {'alias': 'beer_and_wine', 'title': 'Beer, Wine & Spirits'}]",5.0, ,1,[]
103,Peace Water Winery,Fishers,IN,"[{'alias': 'wineries', 'title': 'Wineries'}]",5.0, ,1,[]
104,Vines to Wines,Des Moines,IA,"[{'alias': 'wineries', 'title': 'Wineries'}]",5.0, ,2,[]
105,Jasper Winery,Des Moines,IA,"[{'alias': 'venues', 'title': 'Venues & Event Spaces'}, {'alias': 'winetastingroom', 'title': 'Wine Tasting Room'}]",4.0,$$,38,[]
106,Wines of Iowa,West Des Moines,IA,"[{'alias': 'beer_and_wine', 'title': 'Beer, Wine & Spirits'}]",4.5,$$,4,[]
107,WineStyles Tasting Station,West Des Moines,IA,"[{'alias': 'beer_and_wine', 'title': 'Beer, Wine & Spirits'}, {'alias': 'wine_bars', 'title': 'Wine Bars'}, {'alias': 'tapasmallplates', 'title': 'Tapas/Small Plates'}]",4.0,$$,30,['delivery']
108,WineStyles Tasting Station,Johnston,IA,"[{'alias': 'beer_and_wine', 'title': 'Beer, Wine & Spirits'}, {'alias': 'wine_bars', 'title': 'Wine Bars'}, {'alias': 'winetastingroom', 'title': 'Wine Tasting Room'}]",3.5,$$,5,[]
109,Prairie Hill Vineyard,Colwich,KS,"[{'alias': 'venues', 'title': 'Venues & Event Spaces'}, {'alias': 'wineries', 'title': 'Wineries'}]",5.0, ,3,[]
110,Beyond Napa At Rock Island,Wichita,KS,"[{'alias': 'beer_and_wine', 'title': 'Beer, Wine & Spirits'}]",4.5,$$,7,[]
111,Grace Hill Winery,Whitewater,KS,"[{'alias': 'wineries', 'title': 'Wineries'}, {'alias': 'venues', 'title': 'Venues & Event Spaces'}]",5.0,$$,21,[]
112,Wyldewood Cellars,Wichita,KS,"[{'alias': 'wineries', 'title': 'Wineries'}, {'alias': 'beer_and_wine', 'title': 'Beer, Wine & Spirits'}]",2.0,$$,6,[]
113,Wyldewood Cellars,Peck,KS,"[{'alias': 'wineries', 'title': 'Wineries'}, {'alias': 'venues', 'title': 'Venues & Event Spaces'}]",3.0,$$,15,[]
114,Old 502 Winery,Louisville,KY,"[{'alias': 'winetastingroom', 'title': 'Wine Tasting Room'}]",4.0,$,86,[]
115,The Oak Barrel Tour Company,Jeffersonville,IN,"[{'alias': 'winetours', 'title': 'Wine Tours'}, {'alias': 'bustours', 'title': 'Bus Tours'}, {'alias': 'distilleries', 'title': 'Distilleries'}]",5.0, ,1,[]
116,Brooks Hill Winery,Brooks,KY,"[{'alias': 'wineries', 'title': 'Wineries'}]",4.5,$,33,[]
117,The Little Kentucky River Winery,La Grange,KY,"[{'alias': 'wineries', 'title': 'Wineries'}]",5.0, ,6,[]
118,Talon Winery,Shelbyville,KY,"[{'alias': 'winetastingroom', 'title': 'Wine Tasting Room'}]",4.5,$$,115,[]
119,Millanova Winery,Mount Washington,KY,"[{'alias': 'wineries', 'title': 'Wineries'}]",4.0,$$,13,[]
120,"Huber's Orchard, Winery & Vineyards",Borden,IN,"[{'alias': 'wineries', 'title': 'Wineries'}, {'alias': 'pickyourown', 'title': 'Pick Your Own Farms'}, {'alias': 'distilleries', 'title': 'Distilleries'}]",4.0,$$,172,[]
121,Wight-Meyer Vineyard & Winery,Shepherdsville,KY,"[{'alias': 'wineries', 'title': 'Wineries'}]",4.5,$$,36,[]
122,Turtle Run Winery,Corydon,IN,"[{'alias': 'wineries', 'title': 'Wineries'}]",4.5,$$,31,[]
123,The Wine Rack,Louisville,KY,"[{'alias': 'beer_and_wine', 'title': 'Beer, Wine & Spirits'}]",4.5,$$,34,[]
124,Nola Tropical Winery,New Orleans,LA,"[{'alias': 'wineries', 'title': 'Wineries'}]",4.5,$$,12,[]
125,WINO  Wine Institute of New Orleans,New Orleans,LA,"[{'alias': 'wine_bars', 'title': 'Wine Bars'}, {'alias': 'winetastingroom', 'title': 'Wine Tasting Room'}]",4.0,$$,231,['delivery']
126,Bacchanal Fine Wine & Spirits,New Orleans,LA,"[{'alias': 'beer_and_wine', 'title': 'Beer, Wine & Spirits'}, {'alias': 'wine_bars', 'title': 'Wine Bars'}, {'alias': 'jazzandblues', 'title': 'Jazz & Blues'}]",4.5,$$,1119,['delivery']
127,Old New Orleans Rum,New Orleans,LA,"[{'alias': 'tours', 'title': 'Tours'}, {'alias': 'distilleries', 'title': 'Distilleries'}]",4.5,$,278,[]
128,NOLA Tropical Winery,New Orleans,LA,"[{'alias': 'beer_and_wine', 'title': 'Beer, Wine & Spirits'}]",4.0,$$,39,[]
129,Preservation Hall,New Orleans,LA,"[{'alias': 'musicvenues', 'title': 'Music Venues'}, {'alias': 'jazzandblues', 'title': 'Jazz & Blues'}, {'alias': 'venues', 'title': 'Venues & Event Spaces'}]",4.5,$$,738,[]
130,Faubourg Wines,New Orleans,LA,"[{'alias': 'beer_and_wine', 'title': 'Beer, Wine & Spirits'}]",4.5,$$,47,[]
131,Pearl Wine Co,New Orleans,LA,"[{'alias': 'wine_bars', 'title': 'Wine Bars'}, {'alias': 'musicvenues', 'title': 'Music Venues'}, {'alias': 'beer_and_wine', 'title': 'Beer, Wine & Spirits'}]",4.0,$$,67,[]
132,Blue Lobster Urban Winery,Portland,ME,"[{'alias': 'wineries', 'title': 'Wineries'}]",4.5, ,16,[]
133,Sweetgrass Winery & Distillery Old Port Tasting Room and Shop,Portland,ME,"[{'alias': 'wineries', 'title': 'Wineries'}, {'alias': 'distilleries', 'title': 'Distilleries'}]",4.0,$$,46,[]
134,Cellardoor At the Point,Portland,ME,"[{'alias': 'wineries', 'title': 'Wineries'}, {'alias': 'winetasteclasses', 'title': 'Wine Tasting Classes'}]",4.5,$$,56,[]
135,Eighteen Twenty Wines,Portland,ME,"[{'alias': 'winetastingroom', 'title': 'Wine Tasting Room'}]",4.5,$,12,[]
136,Grippy Tannins,Portland,ME,"[{'alias': 'winetastingroom', 'title': 'Wine Tasting Room'}, {'alias': 'beer_and_wine', 'title': 'Beer, Wine & Spirits'}]",5.0, ,6,[]
137,Vintners Cellar Winery of Portland,Portland,ME,"[{'alias': 'wineries', 'title': 'Wineries'}]",5.0, ,1,[]
138,The Maine Brew Bus,Portland,ME,"[{'alias': 'winetours', 'title': 'Wine Tours'}, {'alias': 'breweries', 'title': 'Breweries'}]",5.0,$$,97,[]
139,Stroudwater Distillery,Portland,ME,"[{'alias': 'distilleries', 'title': 'Distilleries'}]",4.0,$$,43,[]
140,Browne Trading Market,Portland,ME,"[{'alias': 'seafoodmarkets', 'title': 'Seafood Markets'}, {'alias': 'cheese', 'title': 'Cheese Shops'}, {'alias': 'winetastingroom', 'title': 'Wine Tasting Room'}]",4.5,$$,18,[]
141,Thompson's Point,Portland,ME,"[{'alias': 'musicvenues', 'title': 'Music Venues'}, {'alias': 'venues', 'title': 'Venues & Event Spaces'}]",3.0,$$,37,[]
142,Winecream,Baltimore,MD,"[{'alias': 'icecream', 'title': 'Ice Cream & Frozen Yogurt'}, {'alias': 'winetastingroom', 'title': 'Wine Tasting Room'}, {'alias': 'winetours', 'title': 'Wine Tours'}]",4.0, ,9,[]
143,The Wine Source,Baltimore,MD,"[{'alias': 'beer_and_wine', 'title': 'Beer, Wine & Spirits'}, {'alias': 'cheese', 'title': 'Cheese Shops'}]",4.5,$$,167,[]
144,Pompeian,Baltimore,MD,"[{'alias': 'wineries', 'title': 'Wineries'}]",4.0, ,1,[]
145,Presidential Limo Service,Baltimore,MD,"[{'alias': 'limos', 'title': 'Limos'}, {'alias': 'winetours', 'title': 'Wine Tours'}, {'alias': 'partybusrentals', 'title': 'Party Bus Rentals'}]",3.0, ,26,[]
146,Total Wine & More,Towson,MD,"[{'alias': 'beer_and_wine', 'title': 'Beer, Wine & Spirits'}, {'alias': 'tobaccoshops', 'title': 'Tobacco Shops'}]",4.5,$$,106,[]
147,Boston Winery,Boston,MA,"[{'alias': 'wineries', 'title': 'Wineries'}, {'alias': 'venues', 'title': 'Venues & Event Spaces'}]",4.5,$$,63,['delivery']
148,Boston Wine Tours,Boston,MA,"[{'alias': 'winetastingroom', 'title': 'Wine Tasting Room'}, {'alias': 'winetours', 'title': 'Wine Tours'}]",4.5, ,7,[]
149,Wine Riot,Boston,MA,"[{'alias': 'festivals', 'title': 'Festivals'}, {'alias': 'winetastingroom', 'title': 'Wine Tasting Room'}]",4.0,$,126,[]
150,Boston Harbor Distillery,Boston,MA,"[{'alias': 'venues', 'title': 'Venues & Event Spaces'}, {'alias': 'beer_and_wine', 'title': 'Beer, Wine & Spirits'}, {'alias': 'distilleries', 'title': 'Distilleries'}]",4.5,$$,33,[]
151,Bostonia Winery Cantina,Jamaica Plain,MA,"[{'alias': 'wineries', 'title': 'Wineries'}]",5.0, ,1,[]
152,Massachusetts Wine Shop,Boston,MA,"[{'alias': 'winetastingroom', 'title': 'Wine Tasting Room'}]",5.0,$$,4,[]
153,Mayhew Wine Shop,Boston,MA,"[{'alias': 'beer_and_wine', 'title': 'Beer, Wine & Spirits'}, {'alias': 'cheese', 'title': 'Cheese Shops'}, {'alias': 'winetastingroom', 'title': 'Wine Tasting Room'}]",5.0, ,8,[]
154,Boston Wine Expo,Boston,MA,"[{'alias': 'wineries', 'title': 'Wineries'}, {'alias': 'beer_and_wine', 'title': 'Beer, Wine & Spirits'}]",3.5,$$$,43,[]
155,Venezia Restaurant Boston,Boston,MA,"[{'alias': 'venues', 'title': 'Venues & Event Spaces'}, {'alias': 'italian', 'title': 'Italian'}, {'alias': 'wineries', 'title': 'Wineries'}]",3.5,$$$,206,['delivery']
156,The Wine Emporium,Boston,MA,"[{'alias': 'beer_and_wine', 'title': 'Beer, Wine & Spirits'}, {'alias': 'winetastingroom', 'title': 'Wine Tasting Room'}]",3.5,$$,26,[]
157,House Of Pure Vin,Detroit,MI,"[{'alias': 'winetastingroom', 'title': 'Wine Tasting Room'}]",4.5,$$,25,[]
158,Detroit Vineyards,Detroit,MI,"[{'alias': 'winetastingroom', 'title': 'Wine Tasting Room'}]",4.0, ,22,[]
159,Michigan By The Bottle Tasting Room,Royal Oak,MI,"[{'alias': 'wineries', 'title': 'Wineries'}]",4.5,$$,43,[]
160,Northville Winery and Brewing Company,Northville,MI,"[{'alias': 'wineries', 'title': 'Wineries'}, {'alias': 'breweries', 'title': 'Breweries'}, {'alias': 'musicvenues', 'title': 'Music Venues'}]",4.0,$,49,[]
161,Filipo Marc Winery,Clinton Township,MI,"[{'alias': 'wineries', 'title': 'Wineries'}]",4.5,$$,20,[]
162,Vivace Estate Winery,Amherstburg,ON,"[{'alias': 'winetastingroom', 'title': 'Wine Tasting Room'}]",4.5, ,2,[]
163,Parmenter's Northville Cider Mill,Northville,MI,"[{'alias': 'donuts', 'title': 'Donuts'}, {'alias': 'wineries', 'title': 'Wineries'}, {'alias': 'cideries', 'title': 'Cideries'}]",4.0,$,137,[]
164,Recolte Meads,Grosse Pointe Park,MI,"[{'alias': 'winetastingroom', 'title': 'Wine Tasting Room'}, {'alias': 'meaderies', 'title': 'Meaderies'}, {'alias': 'cideries', 'title': 'Cideries'}]",4.5, ,6,[]
165,Buon Amici Winery,Sterling Heights,MI,"[{'alias': 'wineries', 'title': 'Wineries'}]",5.0, ,1,[]
166,Vintner's Canton Winery,Canton,MI,"[{'alias': 'wineries', 'title': 'Wineries'}]",3.5,$$,14,[]
167,Urban Forage Winery & Cider House,Minneapolis,MN,"[{'alias': 'wineries', 'title': 'Wineries'}, {'alias': 'cideries', 'title': 'Cideries'}]",4.5,$$,24,[]
168,7 Vines Vineyard,Dellwood,MN,"[{'alias': 'venues', 'title': 'Venues & Event Spaces'}, {'alias': 'winetastingroom', 'title': 'Wine Tasting Room'}]",4.5,$$,20,[]
169,Saint Croix Vineyards,Stillwater,MN,"[{'alias': 'wineries', 'title': 'Wineries'}]",4.0,$$,47,[]
170,The Vine Room,Hopkins,MN,"[{'alias': 'winetastingroom', 'title': 'Wine Tasting Room'}]",5.0, ,10,[]
171,Alexis Bailly Vineyard Inc,Hastings,MN,"[{'alias': 'wineries', 'title': 'Wineries'}]",4.5,$$,34,[]
172,Two Rivers Vineyard & Winery,Ramsey,MN,"[{'alias': 'wineries', 'title': 'Wineries'}]",4.5,$$,6,[]
173,Madison Avenue Wine & Spirits,Hudson,WI,"[{'alias': 'wineries', 'title': 'Wineries'}, {'alias': 'distilleries', 'title': 'Distilleries'}]",3.5,$$,7,[]
174,Perrier Wines & Liquors,Saint Paul,MN,"[{'alias': 'beer_and_wine', 'title': 'Beer, Wine & Spirits'}]",4.0,$$,17,[]
175,MnBeerbus,Plymouth,MN,"[{'alias': 'bustours', 'title': 'Bus Tours'}, {'alias': 'winetours', 'title': 'Wine Tours'}, {'alias': 'partybusrentals', 'title': 'Party Bus Rentals'}]",5.0, ,2,[]
176,Warehouse Winery,Minneapolis,MN,"[{'alias': 'wineries', 'title': 'Wineries'}, {'alias': 'venues', 'title': 'Venues & Event Spaces'}]",3.5,$$$,10,[]
177,Old Canton Rd Wine & Liquor,Ridgeland,MS,"[{'alias': 'beer_and_wine', 'title': 'Beer, Wine & Spirits'}, {'alias': 'wineries', 'title': 'Wineries'}]",5.0,$$,1,[]
178,Kansas City Wine Tours,Kansas City,MO,"[{'alias': 'winetours', 'title': 'Wine Tours'}]",4.5, ,3,[]
179,Amigoni Urban Winery,Kansas City,MO,"[{'alias': 'wineries', 'title': 'Wineries'}]",4.5,$$,105,[]
180,KC Wineworks,Kansas City,MO,"[{'alias': 'winetastingroom', 'title': 'Wine Tasting Room'}]",4.5,$$,55,[]
181,Aubrey Vineyards,Overland Park,KS,"[{'alias': 'winetastingroom', 'title': 'Wine Tasting Room'}]",5.0, ,10,[]
182,Barley Bus Tours,Kansas City,MO,"[{'alias': 'winetours', 'title': 'Wine Tours'}, {'alias': 'beertours', 'title': 'Beer Tours'}, {'alias': 'bustours', 'title': 'Bus Tours'}]",4.5, ,7,[]
183,Four Horses and a Dog Winery,Excelsior Springs,MO,"[{'alias': 'winetastingroom', 'title': 'Wine Tasting Room'}]",4.5, ,18,[]
184,Underdog Wine Co,Kansas City,MO,"[{'alias': 'wineries', 'title': 'Wineries'}]",4.5,$$,18,[]
185,Holy Field Vineyard & Winery,Basehor,KS,"[{'alias': 'wineries', 'title': 'Wineries'}]",4.5,$$,34,[]
186,KC Wine,Olathe,KS,"[{'alias': 'wineries', 'title': 'Wineries'}]",4.0,$$,57,[]
187,Stone Pillar Vineyard & Winery,Olathe,KS,"[{'alias': 'wineries', 'title': 'Wineries'}]",3.5,$$,48,[]
188,Yellowstone Cellars & Winery,Billings,MT,"[{'alias': 'wineries', 'title': 'Wineries'}]",5.0,$$,20,[]
189,Bodega Victoriana Winery,Glenwood,IA,"[{'alias': 'wineries', 'title': 'Wineries'}, {'alias': 'venues', 'title': 'Venues & Event Spaces'}, {'alias': 'tapasmallplates', 'title': 'Tapas/Small Plates'}]",5.0, ,10,[]
190,Pacific Cellars,Omaha,NE,"[{'alias': 'winetastingroom', 'title': 'Wine Tasting Room'}, {'alias': 'beer_and_wine', 'title': 'Beer, Wine & Spirits'}]",4.5,$$,2,[]
191,Soaring Wings,Springfield,NE,"[{'alias': 'wineries', 'title': 'Wineries'}]",4.0,$$,32,[]
192,Too Far North - Nebraska Wines & Wine Tasting,Fort Calhoun,NE,"[{'alias': 'winetastingroom', 'title': 'Wine Tasting Room'}]",5.0,$$,5,[]
193,Cellar 426,Ashland,NE,"[{'alias': 'wineries', 'title': 'Wineries'}]",4.5,$$,21,[]
194,Ditmars Orchard & Vineyard,Council Bluffs,IA,"[{'alias': 'farms', 'title': 'Farms'}, {'alias': 'pumpkinpatches', 'title': 'Pumpkin Patches'}, {'alias': 'wineries', 'title': 'Wineries'}]",4.0,$$,17,[]
195,Glacial Till Cider House & Tasting Room,Ashland,NE,"[{'alias': 'wineries', 'title': 'Wineries'}, {'alias': 'cideries', 'title': 'Cideries'}]",4.0,$$,28,[]
196,Brother Sebastian's Steak House & Winery,Omaha,NE,"[{'alias': 'steak', 'title': 'Steakhouses'}, {'alias': 'wineries', 'title': 'Wineries'}]",4.0,$$$,230,['delivery']
197,Omaha Wine Company,Omaha,NE,"[{'alias': 'beer_and_wine', 'title': 'Beer, Wine & Spirits'}]",3.5,$$$,6,[]
198,Vine Street Cellars,Glenwood,IA,"[{'alias': 'wineries', 'title': 'Wineries'}]",4.0,$$,8,[]
199,Pahrump Valley Winery,Pahrump,NV,"[{'alias': 'wineries', 'title': 'Wineries'}]",4.0,$$,317,[]
200,Vegas Valley Winery,Henderson,NV,"[{'alias': 'wineries', 'title': 'Wineries'}]",4.5,$,70,[]
201,Sanders Family Winery,Pahrump,NV,"[{'alias': 'wineries', 'title': 'Wineries'}, {'alias': 'venues', 'title': 'Venues & Event Spaces'}]",4.5,$$,73,[]
202,Las Vegas Distillery,Henderson,NV,"[{'alias': 'distilleries', 'title': 'Distilleries'}, {'alias': 'tours', 'title': 'Tours'}]",5.0,$$,99,[]
203,Icewine Tasting with Famed Vintner Donald Ziraldo,Las Vegas,NV,"[{'alias': 'winetastingroom', 'title': 'Wine Tasting Room'}]",5.0, ,4,[]
204,Vegas Uncork'd: The Grand Tasting,Las Vegas,NV,"[{'alias': 'wineries', 'title': 'Wineries'}]",4.0,$$$$,24,[]
205,One Drunk Puppy,Las Vegas,NV,"[{'alias': 'wineries', 'title': 'Wineries'}]",3.0, ,5,[]
206,Wine Walk - Town Square,Las Vegas,NV,"[{'alias': 'winetastingroom', 'title': 'Wine Tasting Room'}]",3.0, ,11,[]
207,Khoury's Fine Wine & Spirits,Las Vegas,NV,"[{'alias': 'beer_and_wine', 'title': 'Beer, Wine & Spirits'}, {'alias': 'wine_bars', 'title': 'Wine Bars'}, {'alias': 'beerbar', 'title': 'Beer Bar'}]",4.5,$$,159,[]
208,Wine Walk - Lake Las Vegas,Henderson,NV,"[{'alias': 'festivals', 'title': 'Festivals'}, {'alias': 'wineries', 'title': 'Wineries'}]",3.5,$$,19,[]
209,LaBelle Winery,Amherst,NH,"[{'alias': 'wineries', 'title': 'Wineries'}, {'alias': 'venues', 'title': 'Venues & Event Spaces'}]",4.0,$$,179,[]
210,Zorvino Vineyards,Sandown,NH,"[{'alias': 'wineries', 'title': 'Wineries'}, {'alias': 'venues', 'title': 'Venues & Event Spaces'}]",4.5,$$,97,[]
211,Appolo Vineyards,Derry,NH,"[{'alias': 'wineries', 'title': 'Wineries'}]",4.0,$,4,[]
212,Copper Beech Winery,Hooksett,NH,"[{'alias': 'wineries', 'title': 'Wineries'}]",4.5, ,3,[]
213,Third Colony Brewery & Winery,Manchester,NH,"[{'alias': 'brewingsupplies', 'title': 'Brewing Supplies'}, {'alias': 'wineries', 'title': 'Wineries'}]",1.0, ,1,[]
214,Fulchino Vineyard,Hollis,NH,"[{'alias': 'wineries', 'title': 'Wineries'}]",4.5,$$,47,[]
215,Averill House Vineyard,Brookline,NH,"[{'alias': 'wineries', 'title': 'Wineries'}]",4.0,$$,9,[]
216,WineNot Boutique,Nashua,NH,"[{'alias': 'winetours', 'title': 'Wine Tours'}, {'alias': 'winetasteclasses', 'title': 'Wine Tasting Classes'}, {'alias': 'venues', 'title': 'Venues & Event Spaces'}]",5.0, ,25,[]
217,Willow Spring Vineyards,Haverhill,MA,"[{'alias': 'venues', 'title': 'Venues & Event Spaces'}, {'alias': 'wineries', 'title': 'Wineries'}]",4.5,$$,14,[]
218,Sweet Baby Vineyard,Hampstead,NH,"[{'alias': 'winetastingroom', 'title': 'Wine Tasting Room'}]",4.0,$$,56,[]
219,The Red Hook Winery,Brooklyn,NY,"[{'alias': 'wineries', 'title': 'Wineries'}]",4.0,$$,116,[]
220,Tomasello Winery - Cranford,Cranford,NJ,"[{'alias': 'wineries', 'title': 'Wineries'}]",3.5, ,3,[]
221,Tomasello Winery at Abma's Farm,Wyckoff,NJ,"[{'alias': 'winetastingroom', 'title': 'Wine Tasting Room'}]",4.5, ,8,[]
222,NY Wine Tours,New York,NY,"[{'alias': 'winetours', 'title': 'Wine Tours'}]",5.0, ,4,[]
223,The Little Wine Bus,Brooklyn,NY,"[{'alias': 'winetours', 'title': 'Wine Tours'}]",4.0, ,118,[]
224,Rooftop Reds,Brooklyn,NY,"[{'alias': 'wineries', 'title': 'Wineries'}, {'alias': 'venues', 'title': 'Venues & Event Spaces'}]",4.5,$$,119,"['pickup', 'delivery']"
225,City Vineyard,New York,NY,"[{'alias': 'wine_bars', 'title': 'Wine Bars'}, {'alias': 'newamerican', 'title': 'American (New)'}, {'alias': 'venues', 'title': 'Venues & Event Spaces'}]",4.0,$$,875,"['pickup', 'delivery']"
226,Staten Island Winery,Staten Island,NY,"[{'alias': 'wineries', 'title': 'Wineries'}]",4.5,$$$,5,[]
227,Taste Wine Co.,New York,NY,"[{'alias': 'winetastingroom', 'title': 'Wine Tasting Room'}, {'alias': 'beer_and_wine', 'title': 'Beer, Wine & Spirits'}]",4.5,$$,48,[]
228,Your Own Winery,Butler,NJ,"[{'alias': 'wineries', 'title': 'Wineries'}, {'alias': 'venues', 'title': 'Venues & Event Spaces'}]",5.0,$$,26,[]
229,Ashley Lynn Winery,Mexico,NY,"[{'alias': 'markets', 'title': 'Fruits & Veggies'}, {'alias': 'wineries', 'title': 'Wineries'}]",4.0,$,3,[]
230,Grace Tyler Estate Winery,Constantia,NY,"[{'alias': 'winetastingroom', 'title': 'Wine Tasting Room'}]",5.0, ,1,[]
231,Colloca Estate,Fair Haven,NY,"[{'alias': 'wineries', 'title': 'Wineries'}]",3.5,$$,18,[]
232,Hot House Brewing,Cicero,NY,"[{'alias': 'brewpubs', 'title': 'Brewpubs'}, {'alias': 'winetastingroom', 'title': 'Wine Tasting Room'}]",4.5, ,3,[]
233,Thorpe Vineyard,Wolcott,NY,"[{'alias': 'wineries', 'title': 'Wineries'}]",4.5, ,3,[]
234,Anyela's Vineyards,Skaneateles,NY,"[{'alias': 'wineries', 'title': 'Wineries'}]",4.0,$$,46,[]
235,White Caps Winery,Chaumont,NY,"[{'alias': 'wineries', 'title': 'Wineries'}]",4.5, ,3,[]
236,Greenwood Winery & Bistro,East Syracuse,NY,"[{'alias': 'wineries', 'title': 'Wineries'}]",3.0,$$,99,"['delivery', 'pickup']"
237,CJS Vineyards,Auburn,NY,"[{'alias': 'wineries', 'title': 'Wineries'}]",5.0,$,6,[]
238,Tug Hill Vineyards,Lowville,NY,"[{'alias': 'wineries', 'title': 'Wineries'}, {'alias': 'venues', 'title': 'Venues & Event Spaces'}]",4.0,$$,25,[]
239,Rocky River Vineyards,Midland,NC,"[{'alias': 'wineries', 'title': 'Wineries'}, {'alias': 'venues', 'title': 'Venues & Event Spaces'}]",4.5,$$,36,[]
240,Seven Jars,Charlotte,NC,"[{'alias': 'wineries', 'title': 'Wineries'}, {'alias': 'beer_and_wine', 'title': 'Beer, Wine & Spirits'}, {'alias': 'distilleries', 'title': 'Distilleries'}]",4.5, ,14,[]
241,Treehouse Vineyards,Monroe,NC,"[{'alias': 'venues', 'title': 'Venues & Event Spaces'}, {'alias': 'winetastingroom', 'title': 'Wine Tasting Room'}]",4.0,$$,153,[]
242,Cabo Winery,Concord,NC,"[{'alias': 'winetastingroom', 'title': 'Wine Tasting Room'}, {'alias': 'wine_bars', 'title': 'Wine Bars'}]",5.0,$$,29,[]
243,Foxcroft Wine Co - Southpark,Charlotte,NC,"[{'alias': 'newamerican', 'title': 'American (New)'}, {'alias': 'wineries', 'title': 'Wineries'}, {'alias': 'beer_and_wine', 'title': 'Beer, Wine & Spirits'}]",4.0,$$,83,['delivery']
244,Kefi Vineyards and Winery,Monroe,NC,"[{'alias': 'wineries', 'title': 'Wineries'}]",5.0, ,1,[]
245,Petit Philippe,Charlotte,NC,"[{'alias': 'chocolate', 'title': 'Chocolatiers & Shops'}, {'alias': 'beer_and_wine', 'title': 'Beer, Wine & Spirits'}]",4.5,$$,45,[]
246,Azure Skye Beverages,Charlotte,NC,"[{'alias': 'wineries', 'title': 'Wineries'}]",5.0, ,1,[]
247,Cats Paw Winery,Rock Hill,SC,"[{'alias': 'wineries', 'title': 'Wineries'}]",4.0,$$,16,[]
248,Cougar Run Winery,Concord,NC,"[{'alias': 'wineries', 'title': 'Wineries'}]",3.5,$$,15,[]
249,4e Winery,Mapleton,ND,"[{'alias': 'wineries', 'title': 'Wineries'}]",5.0, ,2,[]
250,Red Trail Vineyard,Buffalo,ND,"[{'alias': 'wineries', 'title': 'Wineries'}, {'alias': 'venues', 'title': 'Venues & Event Spaces'}]",4.5,$$,3,[]
251,Maple River Winery,Casselton,ND,"[{'alias': 'wineries', 'title': 'Wineries'}]",4.0,$$,8,[]
252,Wyandotte Winery,Columbus,OH,"[{'alias': 'wineries', 'title': 'Wineries'}]",4.5,$$,70,[]
253,The Twisted Vine,Columbus,OH,"[{'alias': 'beer_and_wine', 'title': 'Beer, Wine & Spirits'}, {'alias': 'winetastingroom', 'title': 'Wine Tasting Room'}]",4.5,$$,27,[]
254,Otter Creek Vineyards,Johnstown,OH,"[{'alias': 'wineries', 'title': 'Wineries'}]",5.0, ,7,[]
255,Powell Village Winery,Powell,OH,"[{'alias': 'wineries', 'title': 'Wineries'}, {'alias': 'beer_and_wine', 'title': 'Beer, Wine & Spirits'}]",4.5,$,51,[]
256,Graystone Winery & Restaurant,Columbus,OH,"[{'alias': 'venues', 'title': 'Venues & Event Spaces'}]",5.0, ,6,[]
257,Wine on High,Columbus,OH,"[{'alias': 'wine_bars', 'title': 'Wine Bars'}, {'alias': 'winetastingroom', 'title': 'Wine Tasting Room'}]",4.0,$$,73,[]
258,Good Vibes Winery,Westerville,OH,"[{'alias': 'wineries', 'title': 'Wineries'}]",4.5,$$,26,[]
259,Via Vecchia Winery,Columbus,OH,"[{'alias': 'wineries', 'title': 'Wineries'}]",3.5,$$,18,[]
260,Cooper's Hawk Winery & Restaurant - Columbus,Columbus,OH,"[{'alias': 'newamerican', 'title': 'American (New)'}, {'alias': 'winetastingroom', 'title': 'Wine Tasting Room'}, {'alias': 'venues', 'title': 'Venues & Event Spaces'}]",4.0,$$,678,['delivery']
261,Camelot Cellars,Columbus,OH,"[{'alias': 'wineries', 'title': 'Wineries'}]",3.5,$$,56,['delivery']
262,Water's Edge Winery - OKC,Oklahoma City,OK,"[{'alias': 'winetastingroom', 'title': 'Wine Tasting Room'}, {'alias': 'venues', 'title': 'Venues & Event Spaces'}]",4.5,$$,41,[]
263,Strebel Creek Vineyard & Gift Shop,Oklahoma City,OK,"[{'alias': 'winetastingroom', 'title': 'Wine Tasting Room'}, {'alias': 'accessories', 'title': 'Accessories'}, {'alias': 'winetours', 'title': 'Wine Tours'}]",5.0,$$,12,[]
264,Put A Cork In It,Oklahoma City,OK,"[{'alias': 'wineries', 'title': 'Wineries'}, {'alias': 'giftshops', 'title': 'Gift Shops'}, {'alias': 'venues', 'title': 'Venues & Event Spaces'}]",4.5,$$,58,[]
265,Clauren Ridge Vineyard and Winery,Edmond,OK,"[{'alias': 'venues', 'title': 'Venues & Event Spaces'}, {'alias': 'wineries', 'title': 'Wineries'}]",4.5,$$,24,[]
266,The OKC Cellar,Oklahoma City,OK,"[{'alias': 'venues', 'title': 'Venues & Event Spaces'}, {'alias': 'winetastingroom', 'title': 'Wine Tasting Room'}]",5.0,$$,4,[]
267,Tres Suenos,Luther,OK,"[{'alias': 'venues', 'title': 'Venues & Event Spaces'}, {'alias': 'winetastingroom', 'title': 'Wine Tasting Room'}]",4.5,$$$,7,[]
268,Coal Creek Vineyard & Winery,Tuttle,OK,"[{'alias': 'winetastingroom', 'title': 'Wine Tasting Room'}, {'alias': 'beer_and_wine', 'title': 'Beer, Wine & Spirits'}]",3.5, ,3,[]
269,Homestead on Route 66,Yukon,OK,"[{'alias': 'cafes', 'title': 'Cafes'}, {'alias': 'wineries', 'title': 'Wineries'}, {'alias': 'breakfast_brunch', 'title': 'Breakfast & Brunch'}]",4.0, ,21,['delivery']
270,Farfalla Wines,Yukon,OK,"[{'alias': 'beer_and_wine', 'title': 'Beer, Wine & Spirits'}, {'alias': 'winetastingroom', 'title': 'Wine Tasting Room'}]",3.5, ,3,[]
271,Redbud Ridge Vineyard & Winery,Norman,OK,"[{'alias': 'wineries', 'title': 'Wineries'}]",4.5,$,4,[]
272,ENSO Winery,Portland,OR,"[{'alias': 'wine_bars', 'title': 'Wine Bars'}, {'alias': 'wineries', 'title': 'Wineries'}, {'alias': 'venues', 'title': 'Venues & Event Spaces'}]",4.5,$$,208,[]
273,Seven Bridges Winery,Portland,OR,"[{'alias': 'wineries', 'title': 'Wineries'}, {'alias': 'winetours', 'title': 'Wine Tours'}]",4.5,$$,22,[]
274,The Portland Wine Bar & Winery Tasting Room,Portland,OR,"[{'alias': 'wine_bars', 'title': 'Wine Bars'}, {'alias': 'beer_and_wine', 'title': 'Beer, Wine & Spirits'}, {'alias': 'winetastingroom', 'title': 'Wine Tasting Room'}]",4.5,$$,194,[]
275,Willamette Valley Tour,Portland,OR,"[{'alias': 'winetours', 'title': 'Wine Tours'}, {'alias': 'hiking', 'title': 'Hiking'}]",5.0, ,3,[]
276,Tesla Custom Winery Tours,Portland,OR,"[{'alias': 'winetours', 'title': 'Wine Tours'}]",5.0, ,39,[]
277,Thelonious Wines,Portland,OR,"[{'alias': 'wine_bars', 'title': 'Wine Bars'}, {'alias': 'winetastingroom', 'title': 'Wine Tasting Room'}]",4.5,$$,60,[]
278,Backcountry Wine Tours,Portland,OR,"[{'alias': 'winetours', 'title': 'Wine Tours'}]",5.0, ,80,[]
279,Wine Tours Northwest,Portland,OR,"[{'alias': 'winetours', 'title': 'Wine Tours'}]",5.0, ,43,[]
280,Monte Ferro Winery,Lake Oswego,OR,"[{'alias': 'wineries', 'title': 'Wineries'}]",4.5, ,10,[]
281,Coopers Hall,Portland,OR,"[{'alias': 'wineries', 'title': 'Wineries'}, {'alias': 'newamerican', 'title': 'American (New)'}, {'alias': 'venues', 'title': 'Venues & Event Spaces'}]",4.5,$$,136,['delivery']
282,Blue Mountain Vineyards & Cellars,Philadelphia,PA,"[{'alias': 'wineries', 'title': 'Wineries'}]",4.5, ,14,[]
283,Cedarvale Winery,Swedesboro,NJ,"[{'alias': 'beer_and_wine', 'title': 'Beer, Wine & Spirits'}, {'alias': 'wineries', 'title': 'Wineries'}]",4.5,$$,17,[]
284,Pinot Boutique,Philadelphia,PA,"[{'alias': 'venues', 'title': 'Venues & Event Spaces'}, {'alias': 'winetastingroom', 'title': 'Wine Tasting Room'}, {'alias': 'winetasteclasses', 'title': 'Wine Tasting Classes'}]",4.0,$$,89,[]
285,Grace Winery,Glen Mills,PA,"[{'alias': 'wineries', 'title': 'Wineries'}]",3.5,$$,27,[]
286,Penns Woods Winery,Chadds Ford,PA,"[{'alias': 'wineries', 'title': 'Wineries'}, {'alias': 'venues', 'title': 'Venues & Event Spaces'}]",4.5,$$,83,[]
287,South Jersey Wine Tours,Westville,NJ,"[{'alias': 'winetours', 'title': 'Wine Tours'}, {'alias': 'bustours', 'title': 'Bus Tours'}]",4.0, ,9,[]
288,Wine School of Philadelphia,Philadelphia,PA,"[{'alias': 'specialtyschools', 'title': 'Specialty Schools'}, {'alias': 'beer_and_wine', 'title': 'Beer, Wine & Spirits'}, {'alias': 'winetasteclasses', 'title': 'Wine Tasting Classes'}]",4.5,$$,66,[]
289,Rich Valley Wines,Emporium,PA,"[{'alias': 'winetastingroom', 'title': 'Wine Tasting Room'}]",5.0, ,1,[]
290,Amalthea Cellars Farm Winery,Atco,NJ,"[{'alias': 'wineries', 'title': 'Wineries'}]",4.5,$$,47,[]
291,Delaware Valley Tours,Mount Laurel,NJ,"[{'alias': 'winetours', 'title': 'Wine Tours'}, {'alias': 'beertours', 'title': 'Beer Tours'}, {'alias': 'brewpubs', 'title': 'Brewpubs'}]",5.0, ,5,[]
292,Verde Vineyards,Johnston,RI,"[{'alias': 'wineries', 'title': 'Wineries'}]",5.0,$$,53,[]
293,Diamond Hill Vineyards,Cumberland,RI,"[{'alias': 'wineries', 'title': 'Wineries'}]",4.5,$$,63,[]
294,Newport Vineyards & Winery,Middletown,RI,"[{'alias': 'wineries', 'title': 'Wineries'}]",3.5,$$,391,[]
295,Mulberry Vineyard,Glocester,RI,"[{'alias': 'winetours', 'title': 'Wine Tours'}, {'alias': 'winetastingroom', 'title': 'Wine Tasting Room'}]",4.5,$$,20,[]
296,Carolyn's Sakonnet Vineyards,Little Compton,RI,"[{'alias': 'wineries', 'title': 'Wineries'}]",4.0,$$,137,[]
297,Greenvale Vineyards,Portsmouth,RI,"[{'alias': 'wineries', 'title': 'Wineries'}, {'alias': 'venues', 'title': 'Venues & Event Spaces'}]",4.0,$$,118,[]
298,Warren Cider Works,Warren,RI,"[{'alias': 'cideries', 'title': 'Cideries'}, {'alias': 'wineries', 'title': 'Wineries'}]",5.0, ,14,[]
299,Debevino Winery,Walpole,MA,"[{'alias': 'winetastingroom', 'title': 'Wine Tasting Room'}]",5.0, ,5,[]
300,Gracie's,Providence,RI,"[{'alias': 'newamerican', 'title': 'American (New)'}, {'alias': 'venues', 'title': 'Venues & Event Spaces'}]",4.5,$$$,652,[]
301,Leyden Farm Vineyard & Winery,West Greenwich,RI,"[{'alias': 'winetastingroom', 'title': 'Wine Tasting Room'}, {'alias': 'christmastrees', 'title': 'Christmas Trees'}]",4.0,$$,51,[]
302,The Winery at Mercer House,Lexington,SC,"[{'alias': 'wineries', 'title': 'Wineries'}]",4.0,$$,8,[]
303,Enoree River Vineyards & Winery,Newberry,SC,"[{'alias': 'wineries', 'title': 'Wineries'}]",4.5,$$,8,[]
304,Palmetto Package Shops,Aiken,SC,"[{'alias': 'beer_and_wine', 'title': 'Beer, Wine & Spirits'}, {'alias': 'wineries', 'title': 'Wineries'}]",5.0, ,1,[]
305,Tucker's Walk Vineyard and Farm Winery,Garretson,SD,"[{'alias': 'winetastingroom', 'title': 'Wine Tasting Room'}]",5.0, ,2,[]
306,Wilde Prairie Winery,Brandon,SD,"[{'alias': 'wineries', 'title': 'Wineries'}]",5.0, ,1,[]
307,Calico Skies Vineyard and Winery,Inwood,IA,"[{'alias': 'localflavor', 'title': 'Local Flavor'}, {'alias': 'wineries', 'title': 'Wineries'}]",4.0,$,7,[]
308,Strawbale Winery,Renner,SD,"[{'alias': 'wineries', 'title': 'Wineries'}]",5.0,$$,7,[]
309,Old Millington Vineyard & Winery,Millington,TN,"[{'alias': 'wineries', 'title': 'Wineries'}]",4.0,$,16,[]
310,Delta Blues Winery,Lakeland,TN,"[{'alias': 'wineries', 'title': 'Wineries'}, {'alias': 'musicvenues', 'title': 'Music Venues'}, {'alias': 'venues', 'title': 'Venues & Event Spaces'}]",4.5,$$,22,[]
311,Quench Wine & Spirits,Memphis,TN,"[{'alias': 'beer_and_wine', 'title': 'Beer, Wine & Spirits'}, {'alias': 'winetasteclasses', 'title': 'Wine Tasting Classes'}, {'alias': 'winetastingroom', 'title': 'Wine Tasting Room'}]",5.0,$$,8,[]
312,de terra Vineyard and Wines of Somerville,Somerville,TN,"[{'alias': 'beer_and_wine', 'title': 'Beer, Wine & Spirits'}, {'alias': 'wineries', 'title': 'Wineries'}]",3.5,$,2,[]
313,Sable Gate Winery,Houston,TX,"[{'alias': 'wineries', 'title': 'Wineries'}, {'alias': 'cafes', 'title': 'Cafes'}]",4.0,$$,105,['delivery']
314,Decant Urban Winery,Houston,TX,"[{'alias': 'winetastingroom', 'title': 'Wine Tasting Room'}]",5.0, ,13,[]
315,Texas Winos,Houston,TX,"[{'alias': 'winetours', 'title': 'Wine Tours'}]",3.5, ,60,[]
316,The Nice Winery,Houston,TX,"[{'alias': 'wineries', 'title': 'Wineries'}]",4.5,$$,10,[]
317,The Solaro Winery,Houston,TX,"[{'alias': 'wineries', 'title': 'Wineries'}, {'alias': 'venues', 'title': 'Venues & Event Spaces'}, {'alias': 'winetours', 'title': 'Wine Tours'}]",3.5,$$,14,[]
318,Mutiny Wine Room,Houston,TX,"[{'alias': 'winetastingroom', 'title': 'Wine Tasting Room'}]",4.0, ,24,[]
319,Braman Winery And Brewery,Richmond,TX,"[{'alias': 'wineries', 'title': 'Wineries'}, {'alias': 'breweries', 'title': 'Breweries'}]",4.0,$$,78,[]
320,La Fuente Winery,Houston,TX,"[{'alias': 'winetastingroom', 'title': 'Wine Tasting Room'}]",4.0,$$,28,[]
321,Sonoma Wine Bar - Upper Kirby,Houston,TX,"[{'alias': 'wine_bars', 'title': 'Wine Bars'}, {'alias': 'tapasmallplates', 'title': 'Tapas/Small Plates'}, {'alias': 'venues', 'title': 'Venues & Event Spaces'}]",4.0,$$,236,[]
322,Yellow Rose Distilling,Houston,TX,"[{'alias': 'cocktailbars', 'title': 'Cocktail Bars'}, {'alias': 'distilleries', 'title': 'Distilleries'}]",4.5,$$,61,[]
323,Ruth Lewandowski Wines,Salt Lake City,UT,"[{'alias': 'wineries', 'title': 'Wineries'}]",5.0,$$,1,[]
324,Fox School of Wine,Park City,UT,"[{'alias': 'winetastingroom', 'title': 'Wine Tasting Room'}, {'alias': 'winetasteclasses', 'title': 'Wine Tasting Classes'}, {'alias': 'winetours', 'title': 'Wine Tours'}]",5.0, ,7,[]
325,The Hive Winery,Layton,UT,"[{'alias': 'wineries', 'title': 'Wineries'}]",4.5,$$,18,[]
326,Old Town Cellars,Park City,UT,"[{'alias': 'wineries', 'title': 'Wineries'}]",4.5,$$,52,[]
327,State Wine Store,Salt Lake City,UT,"[{'alias': 'wineries', 'title': 'Wineries'}]",4.0,$$,28,[]
328,"Wine Racks America, Inc.",North Salt Lake,UT,"[{'alias': 'furniture', 'title': 'Furniture Stores'}, {'alias': 'wineries', 'title': 'Wineries'}]",2.0,$$,10,[]
329,350 Main Brasserie,Park City,UT,"[{'alias': 'newamerican', 'title': 'American (New)'}, {'alias': 'beer_and_wine', 'title': 'Beer, Wine & Spirits'}]",3.0,$$$,159,[]
330,Shelburne Vineyard,Shelburne,VT,"[{'alias': 'venues', 'title': 'Venues & Event Spaces'}, {'alias': 'winetours', 'title': 'Wine Tours'}, {'alias': 'winetastingroom', 'title': 'Wine Tasting Room'}]",4.0,$$,83,[]
331,Hillis' Sugarbush Farm & Vineyard,Colchester,VT,"[{'alias': 'wineries', 'title': 'Wineries'}]",5.0,$$,1,[]
332,Mad River Distillers,Burlington,VT,"[{'alias': 'cocktailbars', 'title': 'Cocktail Bars'}, {'alias': 'distilleries', 'title': 'Distilleries'}, {'alias': 'beer_and_wine', 'title': 'Beer, Wine & Spirits'}]",4.5,$$,38,[]
333,East Shore Vineyard,South Hero,VT,"[{'alias': 'wineries', 'title': 'Wineries'}]",4.0,$$,9,[]
334,Elfs Farm Winery & Cider Mill,Plattsburgh,NY,"[{'alias': 'wineries', 'title': 'Wineries'}, {'alias': 'cideries', 'title': 'Cideries'}]",5.0,$$,22,[]
335,Charlotte Village Winery,Charlotte,VT,"[{'alias': 'wineries', 'title': 'Wineries'}]",4.5,$$,13,[]
336,Snow Farm Vineyard,South Hero,VT,"[{'alias': 'wineries', 'title': 'Wineries'}]",3.5,$$,15,[]
337,Vine to Wine Concierge,South Burlington,VT,"[{'alias': 'winetours', 'title': 'Wine Tours'}]",5.0, ,1,[]
338,Highlands Vineyard,Keeseville,NY,"[{'alias': 'wine_bars', 'title': 'Wine Bars'}, {'alias': 'winetastingroom', 'title': 'Wine Tasting Room'}, {'alias': 'winetours', 'title': 'Wine Tours'}]",5.0, ,2,[]
339,Boyden Valley Winery & Spirits,Cambridge,VT,"[{'alias': 'wineries', 'title': 'Wineries'}, {'alias': 'winetours', 'title': 'Wine Tours'}, {'alias': 'cideries', 'title': 'Cideries'}]",4.5,$$,78,[]
340,Lexington Valley Vineyard,Rockbridge Baths,VA,"[{'alias': 'wineries', 'title': 'Wineries'}]",4.5,$,8,[]
341,Jump Mountain Vineyard,Rockbridge Baths,VA,"[{'alias': 'wineries', 'title': 'Wineries'}]",4.5,$$,2,[]
342,Rockbridge Vineyard,Raphine,VA,"[{'alias': 'wineries', 'title': 'Wineries'}]",4.0,$$,49,[]
343,Rock Roadhouse Winery,Hot Springs,VA,"[{'alias': 'wineries', 'title': 'Wineries'}]",5.0, ,1,[]
344,12 Ridges Vineyard,Raphine,VA,"[{'alias': 'winetastingroom', 'title': 'Wine Tasting Room'}, {'alias': 'weddingchappels', 'title': 'Wedding Chapels'}]",4.5, ,2,[]
345,Barren Ridge Vineyards,Fishersville,VA,"[{'alias': 'wineries', 'title': 'Wineries'}, {'alias': 'venues', 'title': 'Venues & Event Spaces'}]",4.5,$$,38,[]
346,Ox-Eye Vineyards Tasting Room,Staunton,VA,"[{'alias': 'wineries', 'title': 'Wineries'}]",4.5,$$,23,[]
347,Ankida Ridge Vineyards,Amherst,VA,"[{'alias': 'wineries', 'title': 'Wineries'}]",5.0,$$,12,[]
348,Veritas Vineyard & Winery,Afton,VA,"[{'alias': 'wineries', 'title': 'Wineries'}, {'alias': 'venues', 'title': 'Venues & Event Spaces'}]",4.0,$$,242,[]
349,Blue Ridge Vineyard,Eagle Rock,VA,"[{'alias': 'wineries', 'title': 'Wineries'}]",4.0,$$,20,[]
350,Swiftwater Cellars,Cle Elum,WA,"[{'alias': 'newamerican', 'title': 'American (New)'}, {'alias': 'wineries', 'title': 'Wineries'}]",4.0,$$$,205,[]
351,Ellensburg Canyon Winery,Ellensburg,WA,"[{'alias': 'wineries', 'title': 'Wineries'}]",5.0,$$,15,[]
352,Gard Vintners Wine Tasting Room,Ellensburg,WA,"[{'alias': 'winetastingroom', 'title': 'Wine Tasting Room'}]",5.0,$$,14,[]
353,Wedge Mountain Winery,Peshastin,WA,"[{'alias': 'wineries', 'title': 'Wineries'}]",4.5,$$,17,[]
354,Icicle Ridge Winery,Peshastin,WA,"[{'alias': 'wineries', 'title': 'Wineries'}]",4.5,$$,49,[]
355,Silvara Cellars,Leavenworth,WA,"[{'alias': 'wineries', 'title': 'Wineries'}, {'alias': 'venues', 'title': 'Venues & Event Spaces'}]",4.0,$$,63,[]
356,Hard Hat Winery,Wenatchee,WA,"[{'alias': 'winetastingroom', 'title': 'Wine Tasting Room'}]",5.0, ,1,[]
357,Chateau Faire Le Pont Winery,Wenatchee,WA,"[{'alias': 'wineries', 'title': 'Wineries'}, {'alias': 'steak', 'title': 'Steakhouses'}, {'alias': 'venues', 'title': 'Venues & Event Spaces'}]",4.0,$$,107,[]
358,A Taste of Icicle Ridge Winery,Leavenworth,WA,"[{'alias': 'winetastingroom', 'title': 'Wine Tasting Room'}]",4.0,$$,81,[]
359,Stemilt Creek Winery,Wenatchee,WA,"[{'alias': 'winetastingroom', 'title': 'Wine Tasting Room'}]",5.0,$$$,12,[]
360,Twisted Vine Family Vineyard,Patriot,OH,"[{'alias': 'winetastingroom', 'title': 'Wine Tasting Room'}]",5.0, ,2,[]
361,Chestnut Ridge Winery,Spencer,WV,"[{'alias': 'wineries', 'title': 'Wineries'}]",5.0,$$,6,[]
362,Daniel Vineyards,Crab Orchard,WV,"[{'alias': 'wineries', 'title': 'Wineries'}]",5.0, ,5,[]
363,Merry Family Winery,Bidwell,OH,"[{'alias': 'wineries', 'title': 'Wineries'}]",4.0,$,6,[]
364,Twisted Path Distillery,Milwaukee,WI,"[{'alias': 'distilleries', 'title': 'Distilleries'}, {'alias': 'cocktailbars', 'title': 'Cocktail Bars'}, {'alias': 'winetastingroom', 'title': 'Wine Tasting Room'}]",4.5,$$,33,[]
365,Cedar Creek Winery,Cedarburg,WI,"[{'alias': 'wineries', 'title': 'Wineries'}]",4.5,$$,64,[]
366,Thief Wine Shop & Bar,Milwaukee,WI,"[{'alias': 'wine_bars', 'title': 'Wine Bars'}, {'alias': 'beer_and_wine', 'title': 'Beer, Wine & Spirits'}]",4.5,$$,76,[]
367,Pieper Porch Winery & Vineyard,Mukwonago,WI,"[{'alias': 'winetastingroom', 'title': 'Wine Tasting Room'}]",4.5,$$,12,[]
368,Two Brothers Wines,Richfield,WI,"[{'alias': 'wineries', 'title': 'Wineries'}, {'alias': 'galleries', 'title': 'Art Galleries'}]",5.0,$$,13,[]
369,The Village Cheese Shop,Wauwatosa,WI,"[{'alias': 'cheese', 'title': 'Cheese Shops'}, {'alias': 'winetastingroom', 'title': 'Wine Tasting Room'}]",4.5,$$,17,['delivery']
370,Sunshine Winery,Cedarburg,WI,"[{'alias': 'wineries', 'title': 'Wineries'}]",5.0, ,1,[]
371,Cooper's Hawk Winery & Restaurant - Brookfield,Brookfield,WI,"[{'alias': 'newamerican', 'title': 'American (New)'}, {'alias': 'wine_bars', 'title': 'Wine Bars'}, {'alias': 'winetastingroom', 'title': 'Wine Tasting Room'}]",4.0,$$$,354,['delivery']
372,Apple Works Winery,Germantown,WI,"[{'alias': 'wineries', 'title': 'Wineries'}]",4.0, ,4,[]
373,Chiselled Grape Winery,Cedarburg,WI,"[{'alias': 'wineries', 'title': 'Wineries'}]",4.0,$$,29,[]
